time_s,voltage_V
0.000000000000000e+00,-170.000000000
2.048508690000000e-10,-161.278225948
4.097017370000001e-10,-152.585653456
6.145526060000000e-10,-143.951325872
8.194034740000001e-10,-135.403971122
1.024254343000000e-09,-126.971846521
1.229105211000000e-09,-118.682586576
1.433956080000000e-09,-110.563054765
1.638806949000000e-09,-102.639200211
1.843657817000000e-09,-94.935920188
2.048508686000000e-09,-87.476929296
2.253359554000000e-09,-80.284636144
2.458210423000000e-09,-73.380028309
2.663061291000000e-09,-66.782566277
2.867912160000000e-09,-60.510087026
3.072763029000000e-09,-54.578717830
3.277613897000000e-09,-49.002800806
3.482464766000000e-09,-43.794828646
3.687315634000000e-09,-38.965391895
3.892166503000000e-09,-34.523138071
4.097017371000000e-09,-30.474742838
4.301868240000001e-09,-26.824893345
4.506719108000000e-09,-23.576283790
4.711569977000000e-09,-20.729623168
4.916420846000000e-09,-18.283655082
5.121271714000000e-09,-16.235189416
5.326122583000000e-09,-14.579145597
5.530973451000001e-09,-13.308607090
5.735824320000000e-09,-12.414886690
5.940675188000001e-09,-11.887602125
6.145526057000000e-09,-11.714761383
6.350376926000001e-09,-11.882857159
6.555227794000000e-09,-12.376969709
6.760078663000000e-09,-13.180877391
6.964929531000000e-09,-14.277174085
7.169780400000000e-09,-15.647392686
7.374631268000000e-09,-17.272133772
7.579482137000000e-09,-19.131198587
7.784333006000000e-09,-21.203725383
7.989183874000000e-09,-23.468328211
8.194034743000000e-09,-25.903237205
8.398885611000001e-09,-28.486439405
8.603736480000001e-09,-31.195819179
8.808587348000001e-09,-34.009297302
9.013438216999999e-09,-36.904967771
9.218289086000001e-09,-39.861231466
9.423139954000001e-09,-42.856925776
9.627990822999999e-09,-45.871449367
9.832841691000001e-09,-48.884881287
1.003769256000000e-08,-51.878093676
1.024254342800000e-08,-54.832857370
1.044739429700000e-08,-57.731939762
1.065224516600000e-08,-60.559194353
1.085709603400000e-08,-63.299641448
1.106194690300000e-08,-65.939539576
1.126679777100000e-08,-68.466447232
1.147164864000000e-08,-70.869274644
1.167649950800000e-08,-73.138325318
1.188135037700000e-08,-75.265327216
1.208620124500000e-08,-77.243453467
1.229105211400000e-08,-79.067332603
1.249590298300000e-08,-80.733048396
1.270075385100000e-08,-82.238129422
1.290560472000000e-08,-83.581528562
1.311045558800000e-08,-84.763592734
1.331530645700000e-08,-85.786023196
1.352015732500000e-08,-86.651826825
1.372500819400000e-08,-87.365258866
1.392985906300000e-08,-87.931757665
1.413470993100000e-08,-88.357871977
1.433956080000000e-08,-88.651181482
1.454441166800000e-08,-88.820211186
1.474926253700000e-08,-88.874340406
1.495411340500000e-08,-88.823707108
1.515896427400000e-08,-88.679108344
1.536381514300000e-08,-88.451897603
1.556866601100000e-08,-88.153879863
1.577351688000000e-08,-87.797205169
1.597836774800000e-08,-87.394261556
1.618321861700000e-08,-86.957568117
1.638806948500000e-08,-86.499669040
1.659292035400000e-08,-86.033029378
1.679777122300000e-08,-85.569933333
1.700262209100000e-08,-85.122385790
1.720747296000000e-08,-84.702017800
1.741232382800000e-08,-84.319996693
1.761717469700000e-08,-83.986941430
1.782202556500000e-08,-83.712843792
1.802687643400000e-08,-83.506995920
1.823172730300000e-08,-83.377924689
1.843657817100000e-08,-83.333333333
1.864142904000000e-08,-83.380050673
1.884627990800000e-08,-83.523988247
1.905113077700000e-08,-83.770105578
1.925598164500000e-08,-84.122383735
1.946083251400000e-08,-84.583807293
1.966568338200000e-08,-85.156354728
1.987053425100000e-08,-85.840997210
2.007538512000000e-08,-86.637705703
2.028023598800000e-08,-87.545466201
2.048508685700000e-08,-88.562302889
2.068993772500000e-08,-89.685308936
2.089478859400000e-08,-90.910684589
2.109963946200000e-08,-92.233782168
2.130449033100000e-08,-93.649157514
2.150934120000000e-08,-95.150627414
2.171419206800000e-08,-96.731332452
2.191904293700000e-08,-98.383804726
2.212389380500000e-08,-100.100039821
2.232874467400000e-08,-101.871572405
2.253359554200000e-08,-103.689554800
2.273844641100000e-08,-105.544837844
2.294329728000000e-08,-107.428053360
2.314814814800000e-08,-109.329697549
2.335299901700000e-08,-111.240214605
2.355784988500000e-08,-113.150079857
2.376270075400000e-08,-115.049881781
2.396755162200000e-08,-116.930402184
2.417240249100000e-08,-118.782693949
2.437725336000000e-08,-120.598155697
2.458210422800000e-08,-122.368602792
2.478695509700000e-08,-124.086334125
2.499180596500000e-08,-125.744194166
2.519665683400000e-08,-127.335629808
2.540150770200000e-08,-128.854741578
2.560635857100000e-08,-130.296328827
2.581120944000000e-08,-131.655928591
2.601606030800000e-08,-132.929847830
2.622091117700000e-08,-134.115188841
2.642576204500000e-08,-135.209867682
2.663061291400000e-08,-136.212625505
2.683546378200000e-08,-137.123032760
2.704031465100000e-08,-137.941486283
2.724516552000000e-08,-138.669199345
2.745001638800000e-08,-139.308184791
2.765486725700000e-08,-139.861231466
2.785971812500000e-08,-140.331874160
2.806456899400000e-08,-140.724357376
2.826941986200000e-08,-141.043593257
2.847427073100000e-08,-141.295114070
2.867912159900000e-08,-141.485019672
2.888397246800000e-08,-141.619920438
2.908882333700000e-08,-141.706876149
2.929367420500000e-08,-141.753331393
2.949852507400000e-08,-141.767048016
2.970337594200000e-08,-141.756035248
2.990822681100000e-08,-141.728478065
3.011307767900000e-08,-141.692664429
3.031792854800000e-08,-141.656912020
3.052277941700000e-08,-141.629495073
3.072763028500000e-08,-141.618571950
3.093248115400001e-08,-141.632114055
3.113733202200000e-08,-141.677836674
3.134218289100000e-08,-141.763132342
3.154703375900000e-08,-141.895007271
3.175188462800000e-08,-142.080021378
3.195673549700000e-08,-142.324232398
3.216158636500000e-08,-142.633144553
3.236643723400000e-08,-143.011662186
3.257128810200000e-08,-143.464048749
3.277613897100000e-08,-143.993891457
3.298098983900001e-08,-144.604071917
3.318584070800001e-08,-145.296742939
3.339069157700000e-08,-146.073311722
3.359554244500000e-08,-146.934429545
3.380039331400000e-08,-147.879988019
3.400524418200000e-08,-148.909121932
3.421009505100001e-08,-150.020218636
3.441494591900000e-08,-151.210933890
3.461979678800000e-08,-152.478214008
3.482464765700000e-08,-153.818324113
3.502949852500000e-08,-155.226882240
3.523434939400000e-08,-156.698899004
3.543920026200000e-08,-158.228822464
3.564405113100000e-08,-159.810587812
3.584890199900000e-08,-161.437671453
3.605375286800000e-08,-163.103149009
3.625860373600000e-08,-164.799756739
3.646345460500001e-08,-166.519955879
3.666830547400000e-08,-168.255999305
3.687315634200001e-08,-170.000000000
3.707800721100000e-08,-171.744000695
3.728285807900000e-08,-173.480044121
3.748770894800000e-08,-175.200243261
3.769255981600000e-08,-176.896850991
3.789741068500000e-08,-178.562328547
3.810226155400001e-08,-180.189412188
3.830711242200000e-08,-181.771177536
3.851196329100000e-08,-183.301100996
3.871681415900000e-08,-184.773117760
3.892166502800000e-08,-186.181675887
3.912651589600001e-08,-187.521785992
3.933136676500000e-08,-188.789066110
3.953621763400001e-08,-189.979781364
3.974106850200000e-08,-191.090878068
3.994591937100000e-08,-192.120011981
4.015077023900001e-08,-193.065570455
4.035562110800001e-08,-193.926688278
4.056047197600000e-08,-194.703257061
4.076532284500000e-08,-195.395928083
4.097017371400000e-08,-196.006108543
4.117502458200000e-08,-196.535951251
4.137987545100000e-08,-196.988337814
4.158472631900000e-08,-197.366855447
4.178957718800001e-08,-197.675767602
4.199442805600000e-08,-197.919978622
4.219927892500000e-08,-198.104992729
4.240412979400000e-08,-198.236867658
4.260898066200000e-08,-198.322163326
4.281383153100000e-08,-198.367885945
4.301868239900000e-08,-198.381428050
4.322353326800000e-08,-198.370504927
4.342838413600000e-08,-198.343087980
4.363323500500001e-08,-198.307335571
4.383808587300000e-08,-198.271521935
4.404293674200001e-08,-198.243964752
4.424778761100001e-08,-198.232951984
4.445263847900000e-08,-198.246668607
4.465748934800000e-08,-198.293123851
4.486234021600000e-08,-198.380079562
4.506719108500000e-08,-198.514980328
4.527204195300000e-08,-198.704885930
4.547689282200000e-08,-198.956406743
4.568174369100000e-08,-199.275642624
4.588659455900000e-08,-199.668125840
4.609144542800000e-08,-200.138768534
4.629629629600001e-08,-200.691815209
4.650114716500000e-08,-201.330800655
4.670599803300000e-08,-202.058513717
4.691084890200000e-08,-202.876967240
4.711569977100000e-08,-203.787374495
4.732055063900000e-08,-204.790132318
4.752540150800001e-08,-205.884811159
4.773025237600001e-08,-207.070152170
4.793510324500000e-08,-208.344071409
4.813995411300000e-08,-209.703671173
4.834480498200000e-08,-211.145258422
4.854965585100000e-08,-212.664370192
4.875450671900000e-08,-214.255805834
4.895935758800001e-08,-215.913665875
4.916420845600000e-08,-217.631397208
4.936905932500000e-08,-219.401844303
4.957391019300001e-08,-221.217306051
4.977876106200000e-08,-223.069597816
4.998361193100000e-08,-224.950118219
5.018846279900001e-08,-226.849920143
5.039331366800000e-08,-228.759785395
5.059816453600000e-08,-230.670302451
5.080301540500000e-08,-232.571946640
5.100786627300000e-08,-234.455162156
5.121271714200001e-08,-236.310445200
5.141756801000000e-08,-238.128427595
5.162241887900000e-08,-239.899960179
5.182726974800000e-08,-241.616195274
5.203212061600000e-08,-243.268667548
5.223697148500000e-08,-244.849372586
5.244182235300000e-08,-246.350842486
5.264667322200000e-08,-247.766217832
5.285152409000000e-08,-249.089315411
5.305637495900000e-08,-250.314691064
5.326122582800000e-08,-251.437697111
5.346607669600001e-08,-252.454533799
5.367092756500000e-08,-253.362294297
5.387577843300000e-08,-254.159002790
5.408062930200000e-08,-254.843645272
5.428548017000000e-08,-255.416192707
5.449033103900000e-08,-255.877616265
5.469518190800001e-08,-256.229894422
5.490003277600001e-08,-256.476011753
5.510488364500001e-08,-256.619949327
5.530973451300000e-08,-256.666666667
5.551458538200000e-08,-256.622075311
5.571943625000001e-08,-256.493004080
5.592428711900000e-08,-256.287156208
5.612913798800000e-08,-256.013058570
5.633398885600000e-08,-255.680003307
5.653883972500000e-08,-255.297982200
5.674369059300000e-08,-254.877614210
5.694854146200000e-08,-254.430066667
5.715339233000001e-08,-253.966970622
5.735824319900001e-08,-253.500330960
5.756309406800000e-08,-253.042431883
5.776794493600000e-08,-252.605738444
5.797279580500000e-08,-252.202794831
5.817764667300000e-08,-251.846120137
5.838249754200001e-08,-251.548102397
5.858734841000000e-08,-251.320891656
5.879219927900001e-08,-251.176292892
5.899705014700001e-08,-251.125659594
5.920190101600000e-08,-251.179788814
5.940675188500000e-08,-251.348818518
5.961160275300000e-08,-251.642128023
5.981645362200000e-08,-252.068242335
6.002130449000001e-08,-252.634741134
6.022615535900000e-08,-253.348173175
6.043100622700000e-08,-254.213976804
6.063585709600000e-08,-255.236407266
6.084070796500000e-08,-256.418471438
6.104555883300001e-08,-257.761870578
6.125040970200001e-08,-259.266951604
6.145526057000000e-08,-260.932667397
6.166011143900000e-08,-262.756546533
6.186496230700000e-08,-264.734672784
6.206981317600000e-08,-266.861674682
6.227466404500001e-08,-269.130725356
6.247951491300000e-08,-271.533552768
6.268436578200000e-08,-274.060460424
6.288921665000001e-08,-276.700358552
6.309406751900000e-08,-279.440805647
6.329891838700001e-08,-282.268060238
6.350376925600001e-08,-285.167142630
6.370862012500000e-08,-288.121906324
6.391347099300000e-08,-291.115118713
6.411832186200001e-08,-294.128550633
6.432317272999999e-08,-297.143074224
6.452802359899999e-08,-300.138768534
6.473287446700000e-08,-303.095032229
6.493772533600000e-08,-305.990702698
6.514257620500000e-08,-308.804180821
6.534742707300001e-08,-311.513560595
6.555227794200001e-08,-314.096762795
6.575712881000000e-08,-316.531671789
6.596197967900000e-08,-318.796274617
6.616683054700001e-08,-320.868801413
6.637168141600001e-08,-322.727866228
6.657653228399999e-08,-324.352607314
6.678138315299999e-08,-325.722825915
6.698623402200000e-08,-326.819122609
6.719108489000000e-08,-327.623030291
6.739593575900000e-08,-328.117142841
6.760078662700001e-08,-328.285238617
6.780563749600001e-08,-328.112397875
6.801048836400000e-08,-327.585113310
6.821533923300000e-08,-326.691392910
6.842019010200001e-08,-325.420854403
6.862504097000001e-08,-323.764810584
6.882989183900001e-08,-321.716344918
6.903474270700002e-08,-319.270376832
6.923959357600000e-08,-316.423716210
6.944444444400000e-08,-313.175106655
6.964929531300000e-08,-309.525257162
6.985414618200000e-08,-305.476861929
7.005899705000001e-08,-301.034608105
7.026384791900000e-08,-296.205171354
7.046869878700000e-08,-290.997199194
7.067354965600001e-08,-285.421282170
7.087840052400001e-08,-279.489912974
7.108325139300001e-08,-273.217433723
7.128810226200000e-08,-266.619971691
7.149295313000001e-08,-259.715363856
7.169780399900000e-08,-252.523070704
7.190265486700000e-08,-245.064079812
7.210750573599999e-08,-237.360799789
7.231235660400000e-08,-229.436945235
7.251720747300000e-08,-221.317413424
7.272205834200000e-08,-213.028153479
7.292690921000001e-08,-204.596028878
7.313176007900001e-08,-196.048674128
7.333661094700001e-08,-187.414346544
7.354146181600000e-08,-178.721774052
7.374631268400001e-08,-170.000000000
